0;0.0;Bool_inj
1;0.0;Bool_inj
2;0.0;Bool_inj
3;0.0;Bool_inj
4;0.0;Bool_inj
5;0.0;Bool_inj
6;0.0;Bool_inj
7;0.0;Bool_inj
8;0.0;Bool_inj
9;0.0;Bool_inj
10;0.0;Bool_inj
11;0.0;Bool_inj
12;0.0;Bool_inj
13;0.0;Bool_inj
14;0.0;Bool_inj
15;0.0;Bool_inj
16;0.0;Bool_inj
17;0.0;Bool_inj
18;0.0;Bool_inj
19;0.0;Bool_inj
20;0.0;Bool_inj
21;0.0;Bool_inj
22;0.0;Bool_inj
23;0.0;Bool_inj
24;0.0;Bool_inj
25;0.0;Bool_inj
26;0.0;Bool_inj
27;0.0;Bool_inj
28;0.0;Bool_inj
29;0.0;Bool_inj
30;0.0;Bool_inj
31;1.0;Bool_inj
32;-0.0;Bool_inj
33;1.0;Bool_inj
34;1.0;Bool_inj
35;-0.0;Bool_inj
36;1.0;Bool_inj
37;1.0;Bool_inj
38;1.0;Bool_inj
39;1.0;Bool_inj
40;1.0;Bool_inj
41;1.0;Bool_inj
42;1.0;Bool_inj
43;1.0;Bool_inj
44;1.0;Bool_inj
45;1.0;Bool_inj
46;0.9999999999999999;Bool_inj
47;1.0;Bool_inj
48;1.0;Bool_inj
49;1.0;Bool_inj
50;-0.0;Bool_inj
51;1.0;Bool_inj
52;1.0;Bool_inj
53;1.0;Bool_inj
54;-0.0;Bool_inj
55;1.0;Bool_inj
56;1.0;Bool_inj
57;-0.0;Bool_inj
58;-0.0;Bool_inj
59;-0.0;Bool_inj
60;-0.0;Bool_inj
61;-0.0;Bool_inj
62;1.0;Bool_inj
63;-0.0;Bool_inj
64;1.0;Bool_inj
65;0.0;Bool_inj
66;0.0;Bool_inj
67;0.0;Bool_inj
68;-0.0;Bool_inj
69;0.0;Bool_inj
70;0.0;Bool_inj
71;0.0;Bool_inj
72;0.0;Bool_inj
73;0.0;Bool_inj
74;0.0;Bool_inj
75;0.0;Bool_inj
76;0.0;Bool_inj
77;0.0;Bool_inj
78;0.0;Bool_inj
79;0.0;Bool_inj
80;0.0;Bool_inj
81;0.0;Bool_inj
82;0.0;Bool_inj
83;0.0;Bool_inj
84;0.0;Bool_inj
85;0.0;Bool_inj
86;0.0;Bool_inj
87;0.0;Bool_inj
88;0.0;Bool_inj
89;0.0;Bool_inj
90;0.0;Bool_inj
91;0.0;Bool_inj
92;0.0;Bool_inj
93;0.0;Bool_inj
94;0.0;Bool_inj
95;0.0;Bool_inj
0;1.0;Bool_cons
1;1.0;Bool_cons
2;1.0;Bool_cons
3;1.0;Bool_cons
4;1.0;Bool_cons
5;1.0;Bool_cons
6;1.0;Bool_cons
7;1.0;Bool_cons
8;1.0;Bool_cons
9;1.0;Bool_cons
10;1.0;Bool_cons
11;1.0;Bool_cons
12;1.0;Bool_cons
13;1.0;Bool_cons
14;1.0;Bool_cons
15;1.0;Bool_cons
16;1.0;Bool_cons
17;1.0;Bool_cons
18;1.0;Bool_cons
19;1.0;Bool_cons
20;1.0;Bool_cons
21;1.0;Bool_cons
22;1.0;Bool_cons
23;1.0;Bool_cons
24;1.0;Bool_cons
25;1.0;Bool_cons
26;1.0;Bool_cons
27;1.0;Bool_cons
28;1.0;Bool_cons
29;1.0;Bool_cons
30;1.0;Bool_cons
31;0.0;Bool_cons
32;1.0;Bool_cons
33;0.0;Bool_cons
34;0.0;Bool_cons
35;1.0;Bool_cons
36;0.0;Bool_cons
37;0.0;Bool_cons
38;0.0;Bool_cons
39;0.0;Bool_cons
40;0.0;Bool_cons
41;0.0;Bool_cons
42;0.0;Bool_cons
43;0.0;Bool_cons
44;0.0;Bool_cons
45;0.0;Bool_cons
46;1.1102230246251565e-16;Bool_cons
47;0.0;Bool_cons
48;0.0;Bool_cons
49;0.0;Bool_cons
50;1.0;Bool_cons
51;0.0;Bool_cons
52;0.0;Bool_cons
53;0.0;Bool_cons
54;1.0;Bool_cons
55;0.0;Bool_cons
56;0.0;Bool_cons
57;1.0;Bool_cons
58;1.0;Bool_cons
59;1.0;Bool_cons
60;1.0;Bool_cons
61;1.0;Bool_cons
62;0.0;Bool_cons
63;1.0;Bool_cons
64;0.0;Bool_cons
65;1.0;Bool_cons
66;1.0;Bool_cons
67;1.0;Bool_cons
68;1.0;Bool_cons
69;1.0;Bool_cons
70;1.0;Bool_cons
71;1.0;Bool_cons
72;1.0;Bool_cons
73;1.0;Bool_cons
74;1.0;Bool_cons
75;1.0;Bool_cons
76;1.0;Bool_cons
77;1.0;Bool_cons
78;1.0;Bool_cons
79;1.0;Bool_cons
80;1.0;Bool_cons
81;1.0;Bool_cons
82;1.0;Bool_cons
83;1.0;Bool_cons
84;1.0;Bool_cons
85;1.0;Bool_cons
86;1.0;Bool_cons
87;1.0;Bool_cons
88;1.0;Bool_cons
89;1.0;Bool_cons
90;1.0;Bool_cons
91;1.0;Bool_cons
92;1.0;Bool_cons
93;1.0;Bool_cons
94;1.0;Bool_cons
95;1.0;Bool_cons
0;1.0;Bool_char
1;1.0;Bool_char
2;1.0;Bool_char
3;1.0;Bool_char
4;1.0;Bool_char
5;1.0;Bool_char
6;1.0;Bool_char
7;1.0;Bool_char
8;1.0;Bool_char
9;1.0;Bool_char
10;1.0;Bool_char
11;1.0;Bool_char
12;1.0;Bool_char
13;1.0;Bool_char
14;1.0;Bool_char
15;1.0;Bool_char
16;1.0;Bool_char
17;1.0;Bool_char
18;1.0;Bool_char
19;1.0;Bool_char
20;1.0;Bool_char
21;1.0;Bool_char
22;1.0;Bool_char
23;1.0;Bool_char
24;1.0;Bool_char
25;1.0;Bool_char
26;1.0;Bool_char
27;1.0;Bool_char
28;1.0;Bool_char
29;0.0;Bool_char
30;0.0;Bool_char
31;1.0;Bool_char
32;0.0;Bool_char
33;1.0;Bool_char
34;1.0;Bool_char
35;1.1102230246251565e-16;Bool_char
36;1.0;Bool_char
37;1.0;Bool_char
38;1.0;Bool_char
39;1.0;Bool_char
40;1.0;Bool_char
41;1.0;Bool_char
42;1.0;Bool_char
43;1.0;Bool_char
44;1.0;Bool_char
45;1.0;Bool_char
46;1.0;Bool_char
47;1.0;Bool_char
48;1.0;Bool_char
49;1.0;Bool_char
50;1.0;Bool_char
51;1.0;Bool_char
52;1.0;Bool_char
53;0.9999999998170618;Bool_char
54;0.0;Bool_char
55;1.0;Bool_char
56;1.0;Bool_char
57;0.0;Bool_char
58;0.0;Bool_char
59;0.0;Bool_char
60;0.0;Bool_char
61;0.0;Bool_char
62;0.0;Bool_char
63;0.0;Bool_char
64;1.0;Bool_char
65;0.0;Bool_char
66;0.0;Bool_char
67;0.0;Bool_char
68;0.0;Bool_char
69;0.0;Bool_char
70;0.0;Bool_char
71;0.0;Bool_char
72;0.0;Bool_char
73;0.0;Bool_char
74;0.0;Bool_char
75;0.0;Bool_char
76;0.0;Bool_char
77;0.0;Bool_char
78;0.0;Bool_char
79;0.0;Bool_char
80;0.0;Bool_char
81;0.0;Bool_char
82;0.0;Bool_char
83;0.0;Bool_char
84;0.0;Bool_char
85;0.0;Bool_char
86;0.0;Bool_char
87;0.0;Bool_char
88;0.0;Bool_char
89;0.0;Bool_char
90;0.0;Bool_char
91;0.0;Bool_char
92;0.0;Bool_char
93;0.0;Bool_char
94;0.0;Bool_char
95;0.0;Bool_char
0;0.0;Bool_dis
1;0.0;Bool_dis
2;0.0;Bool_dis
3;0.0;Bool_dis
4;0.0;Bool_dis
5;0.0;Bool_dis
6;0.0;Bool_dis
7;0.0;Bool_dis
8;0.0;Bool_dis
9;0.0;Bool_dis
10;0.0;Bool_dis
11;0.0;Bool_dis
12;0.0;Bool_dis
13;0.0;Bool_dis
14;0.0;Bool_dis
15;0.0;Bool_dis
16;0.0;Bool_dis
17;0.0;Bool_dis
18;0.0;Bool_dis
19;0.0;Bool_dis
20;0.0;Bool_dis
21;0.0;Bool_dis
22;0.0;Bool_dis
23;0.0;Bool_dis
24;0.0;Bool_dis
25;0.0;Bool_dis
26;0.0;Bool_dis
27;0.0;Bool_dis
28;0.0;Bool_dis
29;1.0;Bool_dis
30;1.0;Bool_dis
31;-0.0;Bool_dis
32;1.0;Bool_dis
33;-0.0;Bool_dis
34;-0.0;Bool_dis
35;0.9999999999999999;Bool_dis
36;-0.0;Bool_dis
37;-0.0;Bool_dis
38;-0.0;Bool_dis
39;-0.0;Bool_dis
40;-0.0;Bool_dis
41;-0.0;Bool_dis
42;-0.0;Bool_dis
43;-0.0;Bool_dis
44;-0.0;Bool_dis
45;-0.0;Bool_dis
46;-0.0;Bool_dis
47;-0.0;Bool_dis
48;-0.0;Bool_dis
49;-0.0;Bool_dis
50;-0.0;Bool_dis
51;-0.0;Bool_dis
52;-0.0;Bool_dis
53;1.829382676754576e-10;Bool_dis
54;1.0;Bool_dis
55;-0.0;Bool_dis
56;-0.0;Bool_dis
57;1.0;Bool_dis
58;1.0;Bool_dis
59;1.0;Bool_dis
60;1.0;Bool_dis
61;1.0;Bool_dis
62;1.0;Bool_dis
63;1.0;Bool_dis
64;-0.0;Bool_dis
65;1.0;Bool_dis
66;1.0;Bool_dis
67;1.0;Bool_dis
68;1.0;Bool_dis
69;1.0;Bool_dis
70;1.0;Bool_dis
71;1.0;Bool_dis
72;1.0;Bool_dis
73;1.0;Bool_dis
74;1.0;Bool_dis
75;1.0;Bool_dis
76;1.0;Bool_dis
77;1.0;Bool_dis
78;1.0;Bool_dis
79;1.0;Bool_dis
80;1.0;Bool_dis
81;1.0;Bool_dis
82;1.0;Bool_dis
83;1.0;Bool_dis
84;1.0;Bool_dis
85;1.0;Bool_dis
86;1.0;Bool_dis
87;1.0;Bool_dis
88;1.0;Bool_dis
89;1.0;Bool_dis
90;1.0;Bool_dis
91;1.0;Bool_dis
92;1.0;Bool_dis
93;1.0;Bool_dis
94;1.0;Bool_dis
95;1.0;Bool_dis
0;0.0;E_PV_grid
1;0.0;E_PV_grid
2;0.0;E_PV_grid
3;0.0;E_PV_grid
4;0.0;E_PV_grid
5;0.0;E_PV_grid
6;0.0;E_PV_grid
7;0.0;E_PV_grid
8;0.0;E_PV_grid
9;0.0;E_PV_grid
10;0.0;E_PV_grid
11;0.0;E_PV_grid
12;0.0;E_PV_grid
13;0.0;E_PV_grid
14;0.0;E_PV_grid
15;0.0;E_PV_grid
16;0.0;E_PV_grid
17;0.0;E_PV_grid
18;0.0;E_PV_grid
19;0.0;E_PV_grid
20;0.0;E_PV_grid
21;0.0;E_PV_grid
22;0.0;E_PV_grid
23;0.0;E_PV_grid
24;0.0;E_PV_grid
25;0.0;E_PV_grid
26;0.0;E_PV_grid
27;0.0;E_PV_grid
28;0.0;E_PV_grid
29;0.0;E_PV_grid
30;0.0;E_PV_grid
31;0.0;E_PV_grid
32;0.0;E_PV_grid
33;0.0;E_PV_grid
34;0.0;E_PV_grid
35;0.0;E_PV_grid
36;0.0;E_PV_grid
37;0.0;E_PV_grid
38;0.0;E_PV_grid
39;0.0;E_PV_grid
40;0.0;E_PV_grid
41;0.0;E_PV_grid
42;0.0;E_PV_grid
43;0.0;E_PV_grid
44;0.0;E_PV_grid
45;0.0;E_PV_grid
46;0.0;E_PV_grid
47;0.0;E_PV_grid
48;0.0;E_PV_grid
49;0.0;E_PV_grid
50;0.0;E_PV_grid
51;0.0;E_PV_grid
52;0.0;E_PV_grid
53;0.005739664948453516;E_PV_grid
54;0.0;E_PV_grid
55;0.0;E_PV_grid
56;0.0;E_PV_grid
57;0.0;E_PV_grid
58;0.0;E_PV_grid
59;0.0;E_PV_grid
60;0.0;E_PV_grid
61;0.0;E_PV_grid
62;0.0;E_PV_grid
63;0.0;E_PV_grid
64;0.0;E_PV_grid
65;0.0;E_PV_grid
66;0.0;E_PV_grid
67;0.0;E_PV_grid
68;0.0;E_PV_grid
69;0.0;E_PV_grid
70;0.0;E_PV_grid
71;0.0;E_PV_grid
72;0.0;E_PV_grid
73;0.0;E_PV_grid
74;0.0;E_PV_grid
75;0.0;E_PV_grid
76;0.0;E_PV_grid
77;0.0;E_PV_grid
78;0.0;E_PV_grid
79;0.0;E_PV_grid
80;0.0;E_PV_grid
81;0.0;E_PV_grid
82;0.0;E_PV_grid
83;0.0;E_PV_grid
84;0.0;E_PV_grid
85;0.0;E_PV_grid
86;0.0;E_PV_grid
87;0.0;E_PV_grid
88;0.0;E_PV_grid
89;0.0;E_PV_grid
90;0.0;E_PV_grid
91;0.0;E_PV_grid
92;0.0;E_PV_grid
93;0.0;E_PV_grid
94;0.0;E_PV_grid
95;0.0;E_PV_grid
0;0.0;E_PV_load
1;0.0;E_PV_load
2;0.0;E_PV_load
3;0.0;E_PV_load
4;0.0;E_PV_load
5;0.0;E_PV_load
6;0.0;E_PV_load
7;0.0;E_PV_load
8;0.0;E_PV_load
9;0.0;E_PV_load
10;0.0;E_PV_load
11;0.0;E_PV_load
12;0.0;E_PV_load
13;0.0;E_PV_load
14;0.0;E_PV_load
15;0.0;E_PV_load
16;0.0;E_PV_load
17;0.0;E_PV_load
18;0.0;E_PV_load
19;0.0;E_PV_load
20;0.0;E_PV_load
21;0.0;E_PV_load
22;0.0;E_PV_load
23;0.0;E_PV_load
24;0.0;E_PV_load
25;0.0;E_PV_load
26;0.0;E_PV_load
27;0.0;E_PV_load
28;0.06813616208555774;E_PV_load
29;0.06724680054256528;E_PV_load
30;0.19038491802525084;E_PV_load
31;0.1604675;E_PV_load
32;0.3293483910760884;E_PV_load
33;0.2576825;E_PV_load
34;0.3919825;E_PV_load
35;0.4539077473905576;E_PV_load
36;0.22495;E_PV_load
37;0.5382175;E_PV_load
38;0.3847675;E_PV_load
39;0.4085325;E_PV_load
40;0.5334;E_PV_load
41;0.5371175;E_PV_load
42;0.28856750000000003;E_PV_load
43;0.4684175;E_PV_load
44;0.6009175;E_PV_load
45;0.5055175000000001;E_PV_load
46;0.3494825;E_PV_load
47;0.7561825;E_PV_load
48;0.6827675;E_PV_load
49;0.3788175;E_PV_load
50;0.9974999999999999;E_PV_load
51;0.39085;E_PV_load
52;0.9929175;E_PV_load
53;0.3233325;E_PV_load
54;0.971231254618268;E_PV_load
55;0.5997;E_PV_load
56;0.9102;E_PV_load
57;0.9207579634983856;E_PV_load
58;0.8504700411253552;E_PV_load
59;0.8526210149676687;E_PV_load
60;0.7643252533431494;E_PV_load
61;0.7672434344330211;E_PV_load
62;0.6626888257582679;E_PV_load
63;0.6667050983510091;E_PV_load
64;0.1991175;E_PV_load
65;0.4234420492109764;E_PV_load
66;0.4219317407256093;E_PV_load
67;0.31596488193468925;E_PV_load
68;0.2907159085306279;E_PV_load
69;0.20382243596349206;E_PV_load
70;0.09668691311896893;E_PV_load
71;0.09668691311896892;E_PV_load
72;0.0;E_PV_load
73;0.0;E_PV_load
74;0.0;E_PV_load
75;0.0;E_PV_load
76;0.0;E_PV_load
77;0.0;E_PV_load
78;0.0;E_PV_load
79;0.0;E_PV_load
80;0.0;E_PV_load
81;0.0;E_PV_load
82;0.0;E_PV_load
83;0.0;E_PV_load
84;0.0;E_PV_load
85;0.0;E_PV_load
86;0.0;E_PV_load
87;0.0;E_PV_load
88;0.0;E_PV_load
89;0.0;E_PV_load
90;0.0;E_PV_load
91;0.0;E_PV_load
92;0.0;E_PV_load
93;0.0;E_PV_load
94;0.0;E_PV_load
95;0.0;E_PV_load
0;0.0;E_PV_batt
1;0.0;E_PV_batt
2;0.0;E_PV_batt
3;0.0;E_PV_batt
4;0.0;E_PV_batt
5;0.0;E_PV_batt
6;0.0;E_PV_batt
7;0.0;E_PV_batt
8;0.0;E_PV_batt
9;0.0;E_PV_batt
10;0.0;E_PV_batt
11;0.0;E_PV_batt
12;0.0;E_PV_batt
13;0.0;E_PV_batt
14;0.0;E_PV_batt
15;0.0;E_PV_batt
16;0.0;E_PV_batt
17;0.0;E_PV_batt
18;0.0;E_PV_batt
19;0.0;E_PV_batt
20;0.0;E_PV_batt
21;0.0;E_PV_batt
22;0.0;E_PV_batt
23;0.0;E_PV_batt
24;0.0;E_PV_batt
25;0.0;E_PV_batt
26;0.0;E_PV_batt
27;0.0;E_PV_batt
28;0.0;E_PV_batt
29;0.0;E_PV_batt
30;0.0;E_PV_batt
31;0.021422920531014744;E_PV_batt
32;0.0;E_PV_batt
33;0.062423045067006744;E_PV_batt
34;0.07916804214419763;E_PV_batt
35;0.0;E_PV_batt
36;0.3905187012541783;E_PV_batt
37;0.047194079020389634;E_PV_batt
38;0.3438377291353235;E_PV_batt
39;0.30655316482013645;E_PV_batt
40;0.2904004373764464;E_PV_batt
41;0.27615551260513854;E_PV_batt
42;0.6326088577485742;E_PV_batt
43;0.43533896554525675;E_PV_batt
44;0.36985426611445976;E_PV_batt
45;0.46500939174345535;E_PV_batt
46;0.6795686016511868;E_PV_batt
47;0.25083024555179656;E_PV_batt
48;0.34593965428276574;E_PV_batt
49;0.6502033281733747;E_PV_batt
50;0.025647597533807295;E_PV_batt
51;0.6381584107327142;E_PV_batt
52;0.013074536910956835;E_PV_batt
53;0.7000000000000001;E_PV_batt
54;0.0;E_PV_batt
55;0.39225662521777926;E_PV_batt
56;0.009458475536494303;E_PV_batt
57;0.0;E_PV_batt
58;0.0;E_PV_batt
59;0.0;E_PV_batt
60;0.0;E_PV_batt
61;0.0;E_PV_batt
62;0.0;E_PV_batt
63;0.0;E_PV_batt
64;0.3668644415411748;E_PV_batt
65;0.0;E_PV_batt
66;0.0;E_PV_batt
67;0.0;E_PV_batt
68;0.0;E_PV_batt
69;0.0;E_PV_batt
70;0.0;E_PV_batt
71;0.0;E_PV_batt
72;0.0;E_PV_batt
73;0.0;E_PV_batt
74;0.0;E_PV_batt
75;0.0;E_PV_batt
76;0.0;E_PV_batt
77;0.0;E_PV_batt
78;0.0;E_PV_batt
79;0.0;E_PV_batt
80;0.0;E_PV_batt
81;0.0;E_PV_batt
82;0.0;E_PV_batt
83;0.0;E_PV_batt
84;0.0;E_PV_batt
85;0.0;E_PV_batt
86;0.0;E_PV_batt
87;0.0;E_PV_batt
88;0.0;E_PV_batt
89;0.0;E_PV_batt
90;0.0;E_PV_batt
91;0.0;E_PV_batt
92;0.0;E_PV_batt
93;0.0;E_PV_batt
94;0.0;E_PV_batt
95;0.0;E_PV_batt
0;0.0;E_PV_curt
1;0.0;E_PV_curt
2;0.0;E_PV_curt
3;0.0;E_PV_curt
4;0.0;E_PV_curt
5;0.0;E_PV_curt
6;0.0;E_PV_curt
7;0.0;E_PV_curt
8;0.0;E_PV_curt
9;0.0;E_PV_curt
10;0.0;E_PV_curt
11;0.0;E_PV_curt
12;0.0;E_PV_curt
13;0.0;E_PV_curt
14;0.0;E_PV_curt
15;0.0;E_PV_curt
16;0.0;E_PV_curt
17;0.0;E_PV_curt
18;0.0;E_PV_curt
19;0.0;E_PV_curt
20;0.0;E_PV_curt
21;0.0;E_PV_curt
22;0.0;E_PV_curt
23;0.0;E_PV_curt
24;0.0;E_PV_curt
25;0.0;E_PV_curt
26;0.0;E_PV_curt
27;0.0;E_PV_curt
28;0.0;E_PV_curt
29;0.0;E_PV_curt
30;0.0;E_PV_curt
31;0.0;E_PV_curt
32;0.0;E_PV_curt
33;0.0;E_PV_curt
34;0.0;E_PV_curt
35;-5.551115123125783e-17;E_PV_curt
36;0.0;E_PV_curt
37;0.0;E_PV_curt
38;0.0;E_PV_curt
39;0.0;E_PV_curt
40;0.0;E_PV_curt
41;0.0;E_PV_curt
42;0.0;E_PV_curt
43;0.0;E_PV_curt
44;0.0;E_PV_curt
45;0.0;E_PV_curt
46;0.001736165581079474;E_PV_curt
47;0.0;E_PV_curt
48;0.008134522440976233;E_PV_curt
49;0.024213222897059516;E_PV_curt
50;-1.0408340855860843e-17;E_PV_curt
51;0.0270062247497046;E_PV_curt
52;0.0;E_PV_curt
53;0.012876723920297227;E_PV_curt
54;-2.220446049250313e-16;E_PV_curt
55;0.0;E_PV_curt
56;0.0;E_PV_curt
57;-3.3306690738754696e-16;E_PV_curt
58;-1.1102230246251565e-16;E_PV_curt
59;0.0;E_PV_curt
60;0.0;E_PV_curt
61;0.0;E_PV_curt
62;0.0;E_PV_curt
63;0.0;E_PV_curt
64;0.0;E_PV_curt
65;0.0;E_PV_curt
66;0.0;E_PV_curt
67;0.0;E_PV_curt
68;0.0;E_PV_curt
69;0.0;E_PV_curt
70;-1.3877787807814457e-17;E_PV_curt
71;0.0;E_PV_curt
72;0.0;E_PV_curt
73;0.0;E_PV_curt
74;0.0;E_PV_curt
75;0.0;E_PV_curt
76;0.0;E_PV_curt
77;0.0;E_PV_curt
78;0.0;E_PV_curt
79;0.0;E_PV_curt
80;0.0;E_PV_curt
81;0.0;E_PV_curt
82;0.0;E_PV_curt
83;0.0;E_PV_curt
84;0.0;E_PV_curt
85;0.0;E_PV_curt
86;0.0;E_PV_curt
87;0.0;E_PV_curt
88;0.0;E_PV_curt
89;0.0;E_PV_curt
90;0.0;E_PV_curt
91;0.0;E_PV_curt
92;0.0;E_PV_curt
93;0.0;E_PV_curt
94;0.0;E_PV_curt
95;0.0;E_PV_curt
0;0.6096;E_grid_load
1;0.5935;E_grid_load
2;0.2601675;E_grid_load
3;0.4708825;E_grid_load
4;0.5405175;E_grid_load
5;0.3709675;E_grid_load
6;0.3095;E_grid_load
7;0.4859675;E_grid_load
8;0.4064325;E_grid_load
9;0.22105;E_grid_load
10;0.45935;E_grid_load
11;0.4292825;E_grid_load
12;0.1694175;E_grid_load
13;0.4256325;E_grid_load
14;0.43105;E_grid_load
15;0.1936675;E_grid_load
16;0.3495;E_grid_load
17;0.4004;E_grid_load
18;0.13881749999999998;E_grid_load
19;0.1724675;E_grid_load
20;0.22106750000000008;E_grid_load
21;0.2793675;E_grid_load
22;0.2529;E_grid_load
23;0.34405;E_grid_load
24;0.464;E_grid_load
25;0.3599175;E_grid_load
26;0.4511175;E_grid_load
27;0.2617825;E_grid_load
28;0.1921963379144423;E_grid_load
29;0.40202069945743474;E_grid_load
30;0.17788258197474918;E_grid_load
31;0.0;E_grid_load
32;0.04795160892391165;E_grid_load
33;0.0;E_grid_load
34;0.0;E_grid_load
35;0.049359752609442364;E_grid_load
36;0.0;E_grid_load
37;0.0;E_grid_load
38;0.0;E_grid_load
39;0.0;E_grid_load
40;0.0;E_grid_load
41;0.0;E_grid_load
42;0.0;E_grid_load
43;0.0;E_grid_load
44;0.0;E_grid_load
45;0.0;E_grid_load
46;0.0;E_grid_load
47;0.0;E_grid_load
48;0.0;E_grid_load
49;0.0;E_grid_load
50;0.011932500000000235;E_grid_load
51;0.0;E_grid_load
52;0.0;E_grid_load
53;0.0;E_grid_load
54;0.24015124538173205;E_grid_load
55;0.0;E_grid_load
56;0.0;E_grid_load
57;0.27142453650161436;E_grid_load
58;0.3681624588746448;E_grid_load
59;0.27951674372099666;E_grid_load
60;0.4427247466568506;E_grid_load
61;0.42262406556697896;E_grid_load
62;0.0;E_grid_load
63;0.3369774016489909;E_grid_load
64;0.0;E_grid_load
65;0.15328609289471562;E_grid_load
66;0.6096000000000001;E_grid_load
67;0.1563040532412055;E_grid_load
68;0.4795165914693721;E_grid_load
69;0.241295064036508;E_grid_load
70;0.00034558688103103474;E_grid_load
71;0.6096000000000001;E_grid_load
72;0.6096000000000001;E_grid_load
73;0.6096000000000001;E_grid_load
74;0.5554675;E_grid_load
75;0.6096000000000001;E_grid_load
76;-5.551115123125783e-17;E_grid_load
77;0.0;E_grid_load
78;0.0;E_grid_load
79;0.5453572453566655;E_grid_load
80;0.0;E_grid_load
81;0.6096000000000001;E_grid_load
82;0.2487175;E_grid_load
83;0.6096000000000001;E_grid_load
84;0.6096000000000001;E_grid_load
85;5.551115123125783e-17;E_grid_load
86;0.6096000000000001;E_grid_load
87;0.5810175;E_grid_load
88;0.2661825;E_grid_load
89;0.4123675;E_grid_load
90;0.541;E_grid_load
91;0.4345675;E_grid_load
92;0.1448175;E_grid_load
93;0.4172675;E_grid_load
94;0.2597325;E_grid_load
95;0.1873825;E_grid_load
0;0.0;E_grid_batt
1;0.0;E_grid_batt
2;0.0;E_grid_batt
3;0.0;E_grid_batt
4;0.0;E_grid_batt
5;0.0;E_grid_batt
6;0.0;E_grid_batt
7;0.0;E_grid_batt
8;0.0;E_grid_batt
9;0.0;E_grid_batt
10;0.0;E_grid_batt
11;0.0;E_grid_batt
12;0.0;E_grid_batt
13;0.0;E_grid_batt
14;0.0;E_grid_batt
15;0.0;E_grid_batt
16;0.0;E_grid_batt
17;0.0;E_grid_batt
18;0.0;E_grid_batt
19;0.0;E_grid_batt
20;0.0;E_grid_batt
21;0.0;E_grid_batt
22;0.0;E_grid_batt
23;0.0;E_grid_batt
24;0.0;E_grid_batt
25;0.0;E_grid_batt
26;0.0;E_grid_batt
27;0.0;E_grid_batt
28;0.0;E_grid_batt
29;0.0;E_grid_batt
30;0.0;E_grid_batt
31;0.0;E_grid_batt
32;0.0;E_grid_batt
33;0.0;E_grid_batt
34;0.0;E_grid_batt
35;0.0;E_grid_batt
36;0.0;E_grid_batt
37;0.0;E_grid_batt
38;0.0;E_grid_batt
39;0.0;E_grid_batt
40;0.0;E_grid_batt
41;0.0;E_grid_batt
42;0.0;E_grid_batt
43;0.0;E_grid_batt
44;0.0;E_grid_batt
45;0.0;E_grid_batt
46;0.0;E_grid_batt
47;0.0;E_grid_batt
48;0.0;E_grid_batt
49;0.0;E_grid_batt
50;0.0;E_grid_batt
51;0.0;E_grid_batt
52;0.0;E_grid_batt
53;0.0;E_grid_batt
54;0.0;E_grid_batt
55;0.0;E_grid_batt
56;0.0;E_grid_batt
57;0.0;E_grid_batt
58;0.0;E_grid_batt
59;0.0;E_grid_batt
60;0.0;E_grid_batt
61;0.0;E_grid_batt
62;0.0;E_grid_batt
63;0.0;E_grid_batt
64;0.0;E_grid_batt
65;0.0;E_grid_batt
66;0.0;E_grid_batt
67;0.0;E_grid_batt
68;0.0;E_grid_batt
69;0.0;E_grid_batt
70;0.0;E_grid_batt
71;0.0;E_grid_batt
72;0.0;E_grid_batt
73;0.0;E_grid_batt
74;0.0;E_grid_batt
75;0.0;E_grid_batt
76;0.0;E_grid_batt
77;0.0;E_grid_batt
78;0.0;E_grid_batt
79;0.0;E_grid_batt
80;0.0;E_grid_batt
81;0.0;E_grid_batt
82;0.0;E_grid_batt
83;0.0;E_grid_batt
84;0.0;E_grid_batt
85;0.0;E_grid_batt
86;0.0;E_grid_batt
87;0.0;E_grid_batt
88;0.0;E_grid_batt
89;0.0;E_grid_batt
90;0.0;E_grid_batt
91;0.0;E_grid_batt
92;0.0;E_grid_batt
93;0.0;E_grid_batt
94;0.0;E_grid_batt
95;0.0;E_grid_batt
0;0.0;E_loss_Batt
1;0.0;E_loss_Batt
2;0.0;E_loss_Batt
3;0.0;E_loss_Batt
4;0.0;E_loss_Batt
5;0.0;E_loss_Batt
6;0.0;E_loss_Batt
7;0.0;E_loss_Batt
8;0.0;E_loss_Batt
9;0.0;E_loss_Batt
10;0.0;E_loss_Batt
11;0.0;E_loss_Batt
12;0.0;E_loss_Batt
13;0.0;E_loss_Batt
14;0.0;E_loss_Batt
15;0.0;E_loss_Batt
16;0.0;E_loss_Batt
17;0.0;E_loss_Batt
18;0.0;E_loss_Batt
19;0.0;E_loss_Batt
20;0.0;E_loss_Batt
21;0.0;E_loss_Batt
22;0.0;E_loss_Batt
23;0.0;E_loss_Batt
24;0.0;E_loss_Batt
25;0.0;E_loss_Batt
26;0.0;E_loss_Batt
27;0.0;E_loss_Batt
28;0.0;E_loss_Batt
29;0.0;E_loss_Batt
30;0.0;E_loss_Batt
31;0.0017566794835432082;E_loss_Batt
32;0.0;E_loss_Batt
33;0.005118689695494551;E_loss_Batt
34;0.006491779455824203;E_loss_Batt
35;0.0;E_loss_Batt
36;0.03202253350284261;E_loss_Batt
37;0.0038699144796719483;E_loss_Batt
38;0.028194693789096514;E_loss_Batt
39;0.025137359515251177;E_loss_Batt
40;0.02381283586486859;E_loss_Batt
41;0.02264475203362135;E_loss_Batt
42;0.05187392633538306;E_loss_Batt
43;0.035697795174711035;E_loss_Batt
44;0.030328049821385688;E_loss_Batt
45;0.03813077012296332;E_loss_Batt
46;0.05572462533539729;E_loss_Batt
47;0.02056808013524731;E_loss_Batt
48;0.02836705165118678;E_loss_Batt
49;0.053316672910216696;E_loss_Batt
50;0.0021031029977721973;E_loss_Batt
51;0.05232898968008254;E_loss_Batt
52;0.00107211202669846;E_loss_Batt
53;0.05739999999999998;E_loss_Batt
54;0.0;E_loss_Batt
55;0.032165043267857886;E_loss_Batt
56;0.0007755949939925325;E_loss_Batt
57;0.0;E_loss_Batt
58;0.0;E_loss_Batt
59;0.0;E_loss_Batt
60;0.0;E_loss_Batt
61;0.0;E_loss_Batt
62;0.0;E_loss_Batt
63;0.0;E_loss_Batt
64;0.03008288420637632;E_loss_Batt
65;0.0;E_loss_Batt
66;0.0;E_loss_Batt
67;0.0;E_loss_Batt
68;0.0;E_loss_Batt
69;0.0;E_loss_Batt
70;0.0;E_loss_Batt
71;0.0;E_loss_Batt
72;0.0;E_loss_Batt
73;0.0;E_loss_Batt
74;0.0;E_loss_Batt
75;0.0;E_loss_Batt
76;0.0;E_loss_Batt
77;0.0;E_loss_Batt
78;0.0;E_loss_Batt
79;0.0;E_loss_Batt
80;0.0;E_loss_Batt
81;0.0;E_loss_Batt
82;0.0;E_loss_Batt
83;0.0;E_loss_Batt
84;0.0;E_loss_Batt
85;0.0;E_loss_Batt
86;0.0;E_loss_Batt
87;0.0;E_loss_Batt
88;0.0;E_loss_Batt
89;0.0;E_loss_Batt
90;0.0;E_loss_Batt
91;0.0;E_loss_Batt
92;0.0;E_loss_Batt
93;0.0;E_loss_Batt
94;0.0;E_loss_Batt
95;0.0;E_loss_Batt
0;0.6096000000000001;E_cons
1;0.5935000000000001;E_cons
2;0.26016750000000005;E_cons
3;0.4708825000000001;E_cons
4;0.5405175000000001;E_cons
5;0.37096750000000006;E_cons
6;0.30950000000000005;E_cons
7;0.4859675000000001;E_cons
8;0.4064325000000001;E_cons
9;0.22105000000000005;E_cons
10;0.4593500000000001;E_cons
11;0.4292825000000001;E_cons
12;0.16941750000000003;E_cons
13;0.42563250000000014;E_cons
14;0.4310500000000001;E_cons
15;0.19366750000000005;E_cons
16;0.34950000000000003;E_cons
17;0.4004000000000001;E_cons
18;0.1388175;E_cons
19;0.17246750000000002;E_cons
20;0.22106750000000014;E_cons
21;0.27936750000000005;E_cons
22;0.25290000000000007;E_cons
23;0.3440500000000001;E_cons
24;0.46400000000000013;E_cons
25;0.35991750000000006;E_cons
26;0.4511175000000001;E_cons
27;0.26178250000000003;E_cons
28;0.1921963379144423;E_cons
29;0.40202069945743474;E_cons
30;0.17788258197474918;E_cons
31;0.0;E_cons
32;0.04795160892391165;E_cons
33;0.0;E_cons
34;0.0;E_cons
35;0.049359752609442364;E_cons
36;0.0;E_cons
37;0.0;E_cons
38;0.0;E_cons
39;0.0;E_cons
40;0.0;E_cons
41;0.0;E_cons
42;0.0;E_cons
43;0.0;E_cons
44;0.0;E_cons
45;0.0;E_cons
46;0.0;E_cons
47;0.0;E_cons
48;0.0;E_cons
49;0.0;E_cons
50;0.011932500000000235;E_cons
51;0.0;E_cons
52;0.0;E_cons
53;0.0;E_cons
54;0.24015124538173205;E_cons
55;0.0;E_cons
56;0.0;E_cons
57;0.27142453650161436;E_cons
58;0.3681624588746448;E_cons
59;0.27951674372099666;E_cons
60;0.4427247466568506;E_cons
61;0.42262406556697896;E_cons
62;0.0;E_cons
63;0.3369774016489909;E_cons
64;0.0;E_cons
65;0.15328609289471562;E_cons
66;0.6096000000000001;E_cons
67;0.1563040532412055;E_cons
68;0.4795165914693721;E_cons
69;0.241295064036508;E_cons
70;0.00034558688103103474;E_cons
71;0.6096000000000001;E_cons
72;0.6096000000000001;E_cons
73;0.6096000000000001;E_cons
74;0.5554675;E_cons
75;0.6096000000000001;E_cons
76;-5.551115123125783e-17;E_cons
77;0.0;E_cons
78;0.0;E_cons
79;0.5453572453566655;E_cons
80;0.0;E_cons
81;0.6096000000000001;E_cons
82;0.2487175;E_cons
83;0.6096000000000001;E_cons
84;0.6096000000000001;E_cons
85;5.551115123125783e-17;E_cons
86;0.6096000000000001;E_cons
87;0.5810175;E_cons
88;0.2661825;E_cons
89;0.4123675;E_cons
90;0.541;E_cons
91;0.4345675;E_cons
92;0.1448175;E_cons
93;0.4172675;E_cons
94;0.2597325;E_cons
95;0.1873825;E_cons
0;0.0;E_char
1;0.0;E_char
2;0.0;E_char
3;0.0;E_char
4;0.0;E_char
5;0.0;E_char
6;0.0;E_char
7;0.0;E_char
8;0.0;E_char
9;0.0;E_char
10;0.0;E_char
11;0.0;E_char
12;0.0;E_char
13;0.0;E_char
14;0.0;E_char
15;0.0;E_char
16;0.0;E_char
17;0.0;E_char
18;0.0;E_char
19;0.0;E_char
20;0.0;E_char
21;0.0;E_char
22;0.0;E_char
23;0.0;E_char
24;0.0;E_char
25;0.0;E_char
26;0.0;E_char
27;0.0;E_char
28;0.0;E_char
29;0.0;E_char
30;0.0;E_char
31;0.021422920531014744;E_char
32;0.0;E_char
33;0.062423045067006744;E_char
34;0.07916804214419763;E_char
35;0.0;E_char
36;0.3905187012541783;E_char
37;0.047194079020389634;E_char
38;0.3438377291353235;E_char
39;0.30655316482013645;E_char
40;0.2904004373764464;E_char
41;0.27615551260513854;E_char
42;0.6326088577485742;E_char
43;0.43533896554525675;E_char
44;0.36985426611445976;E_char
45;0.46500939174345535;E_char
46;0.6795686016511868;E_char
47;0.25083024555179656;E_char
48;0.34593965428276574;E_char
49;0.6502033281733747;E_char
50;0.025647597533807295;E_char
51;0.6381584107327142;E_char
52;0.013074536910956835;E_char
53;0.7000000000000001;E_char
54;0.0;E_char
55;0.39225662521777926;E_char
56;0.009458475536494303;E_char
57;0.0;E_char
58;0.0;E_char
59;0.0;E_char
60;0.0;E_char
61;0.0;E_char
62;0.0;E_char
63;0.0;E_char
64;0.3668644415411748;E_char
65;0.0;E_char
66;0.0;E_char
67;0.0;E_char
68;0.0;E_char
69;0.0;E_char
70;0.0;E_char
71;0.0;E_char
72;0.0;E_char
73;0.0;E_char
74;0.0;E_char
75;0.0;E_char
76;0.0;E_char
77;0.0;E_char
78;0.0;E_char
79;0.0;E_char
80;0.0;E_char
81;0.0;E_char
82;0.0;E_char
83;0.0;E_char
84;0.0;E_char
85;0.0;E_char
86;0.0;E_char
87;0.0;E_char
88;0.0;E_char
89;0.0;E_char
90;0.0;E_char
91;0.0;E_char
92;0.0;E_char
93;0.0;E_char
94;0.0;E_char
95;0.0;E_char
0;0.0;E_dis
1;0.0;E_dis
2;0.0;E_dis
3;0.0;E_dis
4;0.0;E_dis
5;0.0;E_dis
6;0.0;E_dis
7;0.0;E_dis
8;0.0;E_dis
9;0.0;E_dis
10;0.0;E_dis
11;0.0;E_dis
12;0.0;E_dis
13;0.0;E_dis
14;0.0;E_dis
15;0.0;E_dis
16;0.0;E_dis
17;0.0;E_dis
18;0.0;E_dis
19;0.0;E_dis
20;0.0;E_dis
21;0.0;E_dis
22;0.0;E_dis
23;0.0;E_dis
24;0.0;E_dis
25;0.0;E_dis
26;0.0;E_dis
27;0.0;E_dis
28;0.0;E_dis
29;0.0;E_dis
30;0.0;E_dis
31;0.0;E_dis
32;0.0;E_dis
33;0.0;E_dis
34;0.0;E_dis
35;0.0;E_dis
36;0.0;E_dis
37;0.0;E_dis
38;0.0;E_dis
39;0.0;E_dis
40;0.0;E_dis
41;0.0;E_dis
42;0.0;E_dis
43;0.0;E_dis
44;0.0;E_dis
45;0.0;E_dis
46;0.0;E_dis
47;0.0;E_dis
48;0.0;E_dis
49;0.0;E_dis
50;0.0;E_dis
51;0.0;E_dis
52;0.0;E_dis
53;0.0;E_dis
54;0.0;E_dis
55;0.0;E_dis
56;0.0;E_dis
57;0.0;E_dis
58;0.0;E_dis
59;0.06367867506456282;E_dis
60;0.0;E_dis
61;0.0;E_dis
62;0.09455649920182319;E_dis
63;0.0;E_dis
64;0.0;E_dis
65;0.5754966925203243;E_dis
66;0.11842185186777954;E_dis
67;0.6832432261306373;E_dis
68;0.0;E_dis
69;0.7000000000000001;E_dis
70;0.7000000000000001;E_dis
71;0.41420588092740107;E_dis
72;0.21756052631578934;E_dis
73;0.3349999999999998;E_dis
74;0.0;E_dis
75;0.3394394736842104;E_dis
76;0.4635605263157896;E_dis
77;0.669192105263158;E_dis
78;0.37045526315789473;E_dis
79;0.054308162782457314;E_dis
80;0.34201842105263164;E_dis
81;0.49810526315789455;E_dis
82;0.0;E_dis
83;0.10661315789473666;E_dis
84;0.007507894736841973;E_dis
85;0.30645526315789473;E_dis
86;0.09368421052631563;E_dis
87;0.0;E_dis
88;0.0;E_dis
89;0.0;E_dis
90;0.0;E_dis
91;0.0;E_dis
92;0.0;E_dis
93;0.0;E_dis
94;0.0;E_dis
95;0.0;E_dis
-1;0.0;SOC
0;0.0;SOC
1;0.0;SOC
2;0.0;SOC
3;0.0;SOC
4;0.0;SOC
5;0.0;SOC
6;0.0;SOC
7;0.0;SOC
8;0.0;SOC
9;0.0;SOC
10;0.0;SOC
11;0.0;SOC
12;0.0;SOC
13;0.0;SOC
14;0.0;SOC
15;0.0;SOC
16;0.0;SOC
17;0.0;SOC
18;0.0;SOC
19;0.0;SOC
20;0.0;SOC
21;0.0;SOC
22;0.0;SOC
23;0.0;SOC
24;0.0;SOC
25;0.0;SOC
26;0.0;SOC
27;0.0;SOC
28;0.0;SOC
29;0.0;SOC
30;0.0;SOC
31;0.019666241047471535;SOC
32;0.019666241047471535;SOC
33;0.07697059641898371;SOC
34;0.14964685910735714;SOC
35;0.14964685910735714;SOC
36;0.5081430268586928;SOC
37;0.5514671913994105;SOC
38;0.8671102267456374;SOC
39;1.1485260320505226;SOC
40;1.4151136335621004;SOC
41;1.6686243941336176;SOC
42;2.2493593255468087;SOC
43;2.6490004959173543;SOC
44;2.988526712210428;SOC
45;3.41540533383092;SOC
46;4.03924931014671;SOC
47;4.2695114755632595;SOC
48;4.587084078194838;SOC
49;5.183970733457996;SOC
50;5.2075152279940315;SOC
51;5.793344649046663;SOC
52;5.805347073930921;SOC
53;6.447947073930921;SOC
54;6.447947073930921;SOC
55;6.808038655880843;SOC
56;6.816721536423344;SOC
57;6.816721536423344;SOC
58;6.816721536423344;SOC
59;6.753042861358781;SOC
60;6.753042861358781;SOC
61;6.753042861358781;SOC
62;6.6584863621569585;SOC
63;6.6584863621569585;SOC
64;6.995267919491757;SOC
65;6.419771226971433;SOC
66;6.301349375103653;SOC
67;5.618106148973016;SOC
68;5.618106148973016;SOC
69;4.918106148973016;SOC
70;4.218106148973016;SOC
71;3.8039002680456147;SOC
72;3.5863397417298253;SOC
73;3.2513397417298258;SOC
74;3.2513397417298258;SOC
75;2.911900268045615;SOC
76;2.448339741729826;SOC
77;1.779147636466668;SOC
78;1.4086923733087733;SOC
79;1.354384210526316;SOC
80;1.0123657894736844;SOC
81;0.5142605263157899;SOC
82;0.5142605263157899;SOC
83;0.40764736842105326;SOC
84;0.40013947368421127;SOC
85;0.09368421052631652;SOC
86;8.881784197001252e-16;SOC
87;8.881784197001252e-16;SOC
88;8.881784197001252e-16;SOC
89;8.881784197001252e-16;SOC
90;8.881784197001252e-16;SOC
91;8.881784197001252e-16;SOC
92;8.881784197001252e-16;SOC
93;8.881784197001252e-16;SOC
94;8.881784197001252e-16;SOC
95;8.881784197001252e-16;SOC
0;0.0;E_loss_conv
1;0.0;E_loss_conv
2;0.0;E_loss_conv
3;0.0;E_loss_conv
4;0.0;E_loss_conv
5;0.0;E_loss_conv
6;0.0;E_loss_conv
7;0.0;E_loss_conv
8;0.0;E_loss_conv
9;0.0;E_loss_conv
10;0.0;E_loss_conv
11;0.0;E_loss_conv
12;0.0;E_loss_conv
13;0.0;E_loss_conv
14;0.0;E_loss_conv
15;0.0;E_loss_conv
16;0.0;E_loss_conv
17;0.0;E_loss_conv
18;0.0;E_loss_conv
19;0.0;E_loss_conv
20;0.0;E_loss_conv
21;0.0;E_loss_conv
22;0.0;E_loss_conv
23;0.0;E_loss_conv
24;0.0;E_loss_conv
25;0.0;E_loss_conv
26;0.0;E_loss_conv
27;0.0;E_loss_conv
28;0.0014344455175906905;E_loss_conv
29;0.001415722116685586;E_loss_conv
30;0.004008103537373705;E_loss_conv
31;0.0038067215685150353;E_loss_conv
32;0.006933650338443971;E_loss_conv
33;0.0066733556381822455;E_loss_conv
34;0.009835624000778698;E_loss_conv
35;0.009555952576643326;E_loss_conv
36;0.012546163498767787;E_loss_conv
37;0.012274776317249908;E_loss_conv
38;0.014977123003759113;E_loss_conv
39;0.014731747506929058;E_loss_conv
40;0.017037482431739467;E_loss_conv
41;0.016830847094208047;E_loss_conv
42;0.01872728241812939;E_loss_conv
43;0.01856820036353673;E_loss_conv
44;0.020047980059131314;E_loss_conv
45;0.019942661519079648;E_loss_conv
46;0.020948898348813222;E_loss_conv
47;0.020936236489983315;E_loss_conv
48;0.021292845717234277;E_loss_conv
49;0.0209791718266254;E_loss_conv
50;0.02151295195067616;E_loss_conv
51;0.020991589267285875;E_loss_conv
52;0.02116501705400863;E_loss_conv
53;0.020927835051546405;E_loss_conv
54;0.020446973781437238;E_loss_conv
55;0.020470395662250337;E_loss_conv
56;0.019351274773887796;E_loss_conv
57;0.019384378178913395;E_loss_conv
58;0.017904632444744335;E_loss_conv
59;0.017949916104582513;E_loss_conv
60;0.016091057965118945;E_loss_conv
61;0.01615249335648467;E_loss_conv
62;0.013951343700174071;E_loss_conv
63;0.014035896807389675;E_loss_conv
64;0.011529236199244557;E_loss_conv
65;0.008914569457073194;E_loss_conv
66;0.008882773488960202;E_loss_conv
67;0.006651892251256621;E_loss_conv
68;0.0061203349164342755;E_loss_conv
69;0.004290998651862994;E_loss_conv
70;0.002035513960399348;E_loss_conv
71;0.002035513960399347;E_loss_conv
72;0.0;E_loss_conv
73;0.0;E_loss_conv
74;0.0;E_loss_conv
75;0.0;E_loss_conv
76;0.0;E_loss_conv
77;0.0;E_loss_conv
78;0.0;E_loss_conv
79;0.0;E_loss_conv
80;0.0;E_loss_conv
81;0.0;E_loss_conv
82;0.0;E_loss_conv
83;0.0;E_loss_conv
84;0.0;E_loss_conv
85;0.0;E_loss_conv
86;0.0;E_loss_conv
87;0.0;E_loss_conv
88;0.0;E_loss_conv
89;0.0;E_loss_conv
90;0.0;E_loss_conv
91;0.0;E_loss_conv
92;0.0;E_loss_conv
93;0.0;E_loss_conv
94;0.0;E_loss_conv
95;0.0;E_loss_conv
0;0.0;E_loss_inv
1;0.0;E_loss_inv
2;0.0;E_loss_inv
3;0.0;E_loss_inv
4;0.0;E_loss_inv
5;0.0;E_loss_inv
6;0.0;E_loss_inv
7;0.0;E_loss_inv
8;0.0;E_loss_inv
9;0.0;E_loss_inv
10;0.0;E_loss_inv
11;0.0;E_loss_inv
12;0.0;E_loss_inv
13;0.0;E_loss_inv
14;0.0;E_loss_inv
15;0.0;E_loss_inv
16;0.0;E_loss_inv
17;0.0;E_loss_inv
18;0.0;E_loss_inv
19;0.0;E_loss_inv
20;0.0;E_loss_inv
21;0.0;E_loss_inv
22;0.0;E_loss_inv
23;0.0;E_loss_inv
24;0.0;E_loss_inv
25;0.0;E_loss_inv
26;0.0;E_loss_inv
27;0.0;E_loss_inv
28;0.0035861137939767274;E_loss_inv
29;0.003539305291713966;E_loss_inv
30;0.010020258843434266;E_loss_inv
31;0.008445657894736853;E_loss_inv
32;0.017334125846109934;E_loss_inv
33;0.013562236842105278;E_loss_inv
34;0.020630657894736865;E_loss_inv
35;0.023889881441608325;E_loss_inv
36;0.011839473684210542;E_loss_inv
37;0.028327236842105297;E_loss_inv
38;0.020250921052631602;E_loss_inv
39;0.021501710526315818;E_loss_inv
40;0.028073684210526348;E_loss_inv
41;0.02826934210526319;E_loss_inv
42;0.015187763157894753;E_loss_inv
43;0.024653552631578975;E_loss_inv
44;0.0316272368421053;E_loss_inv
45;0.026606184210526348;E_loss_inv
46;0.0183938157894737;E_loss_inv
47;0.03979907894736846;E_loss_inv
48;0.035935131578947406;E_loss_inv
49;0.019937763157894754;E_loss_inv
50;0.052500000000000054;E_loss_inv
51;0.020571052631578966;E_loss_inv
52;0.05225881578947374;E_loss_inv
53;0.017319587628865995;E_loss_inv
54;0.05111743445359311;E_loss_inv
55;0.031563157894736876;E_loss_inv
56;0.04790526315789479;E_loss_inv
57;0.04846094544728351;E_loss_inv
58;0.044761581111860856;E_loss_inv
59;0.048058724014684445;E_loss_inv
60;0.04022764491279738;E_loss_inv
61;0.040381233391211684;E_loss_inv
62;0.039606184210526356;E_loss_inv
63;0.0350897420184742;E_loss_inv
64;0.010479868421052644;E_loss_inv
65;0.05106125826869924;E_loss_inv
66;0.0281280263157895;E_loss_inv
67;0.050791891934673455;E_loss_inv
68;0.015300837291085695;E_loss_inv
69;0.04572749662965753;E_loss_inv
70;0.04008878490099841;E_loss_inv
71;0.025799078947368444;E_loss_inv
72;0.010878026315789479;E_loss_inv
73;0.016750000000000008;E_loss_inv
74;0.0;E_loss_inv
75;0.016971973684210537;E_loss_inv
76;0.023178026315789503;E_loss_inv
77;0.033459605263157936;E_loss_inv
78;0.018522763157894754;E_loss_inv
79;0.0027154081391228685;E_loss_inv
80;0.0171009210526316;E_loss_inv
81;0.024905263157894753;E_loss_inv
82;0.0;E_loss_inv
83;0.005330657894736838;E_loss_inv
84;0.00037539473684209903;E_loss_inv
85;0.015322763157894752;E_loss_inv
86;0.004684210526315786;E_loss_inv
87;0.0;E_loss_inv
88;0.0;E_loss_inv
89;0.0;E_loss_inv
90;0.0;E_loss_inv
91;0.0;E_loss_inv
92;0.0;E_loss_inv
93;0.0;E_loss_inv
94;0.0;E_loss_inv
95;0.0;E_loss_inv
0;0.0;E_loss_inv_PV
1;0.0;E_loss_inv_PV
2;0.0;E_loss_inv_PV
3;0.0;E_loss_inv_PV
4;0.0;E_loss_inv_PV
5;0.0;E_loss_inv_PV
6;0.0;E_loss_inv_PV
7;0.0;E_loss_inv_PV
8;0.0;E_loss_inv_PV
9;0.0;E_loss_inv_PV
10;0.0;E_loss_inv_PV
11;0.0;E_loss_inv_PV
12;0.0;E_loss_inv_PV
13;0.0;E_loss_inv_PV
14;0.0;E_loss_inv_PV
15;0.0;E_loss_inv_PV
16;0.0;E_loss_inv_PV
17;0.0;E_loss_inv_PV
18;0.0;E_loss_inv_PV
19;0.0;E_loss_inv_PV
20;0.0;E_loss_inv_PV
21;0.0;E_loss_inv_PV
22;0.0;E_loss_inv_PV
23;0.0;E_loss_inv_PV
24;0.0;E_loss_inv_PV
25;0.0;E_loss_inv_PV
26;0.0;E_loss_inv_PV
27;0.0;E_loss_inv_PV
28;0.0035861137939767274;E_loss_inv_PV
29;0.003539305291713966;E_loss_inv_PV
30;0.010020258843434266;E_loss_inv_PV
31;0.008445657894736853;E_loss_inv_PV
32;0.017334125846109934;E_loss_inv_PV
33;0.013562236842105278;E_loss_inv_PV
34;0.020630657894736865;E_loss_inv_PV
35;0.023889881441608325;E_loss_inv_PV
36;0.011839473684210542;E_loss_inv_PV
37;0.028327236842105297;E_loss_inv_PV
38;0.020250921052631602;E_loss_inv_PV
39;0.021501710526315818;E_loss_inv_PV
40;0.028073684210526348;E_loss_inv_PV
41;0.02826934210526319;E_loss_inv_PV
42;0.015187763157894753;E_loss_inv_PV
43;0.024653552631578975;E_loss_inv_PV
44;0.0316272368421053;E_loss_inv_PV
45;0.026606184210526348;E_loss_inv_PV
46;0.0183938157894737;E_loss_inv_PV
47;0.03979907894736846;E_loss_inv_PV
48;0.035935131578947406;E_loss_inv_PV
49;0.019937763157894754;E_loss_inv_PV
50;0.052500000000000054;E_loss_inv_PV
51;0.020571052631578966;E_loss_inv_PV
52;0.05225881578947374;E_loss_inv_PV
53;0.017319587628865995;E_loss_inv_PV
54;0.05111743445359311;E_loss_inv_PV
55;0.031563157894736876;E_loss_inv_PV
56;0.04790526315789479;E_loss_inv_PV
57;0.04846094544728351;E_loss_inv_PV
58;0.044761581111860856;E_loss_inv_PV
59;0.0448747902614563;E_loss_inv_PV
60;0.04022764491279738;E_loss_inv_PV
61;0.040381233391211684;E_loss_inv_PV
62;0.03487835925043519;E_loss_inv_PV
63;0.0350897420184742;E_loss_inv_PV
64;0.010479868421052644;E_loss_inv_PV
65;0.022286423642682993;E_loss_inv_PV
66;0.022206933722400516;E_loss_inv_PV
67;0.01662973062814156;E_loss_inv_PV
68;0.015300837291085695;E_loss_inv_PV
69;0.010727496629657489;E_loss_inv_PV
70;0.005088784900998371;E_loss_inv_PV
71;0.0050887849009983695;E_loss_inv_PV
72;0.0;E_loss_inv_PV
73;0.0;E_loss_inv_PV
74;0.0;E_loss_inv_PV
75;0.0;E_loss_inv_PV
76;0.0;E_loss_inv_PV
77;0.0;E_loss_inv_PV
78;0.0;E_loss_inv_PV
79;0.0;E_loss_inv_PV
80;0.0;E_loss_inv_PV
81;0.0;E_loss_inv_PV
82;0.0;E_loss_inv_PV
83;0.0;E_loss_inv_PV
84;0.0;E_loss_inv_PV
85;0.0;E_loss_inv_PV
86;0.0;E_loss_inv_PV
87;0.0;E_loss_inv_PV
88;0.0;E_loss_inv_PV
89;0.0;E_loss_inv_PV
90;0.0;E_loss_inv_PV
91;0.0;E_loss_inv_PV
92;0.0;E_loss_inv_PV
93;0.0;E_loss_inv_PV
94;0.0;E_loss_inv_PV
95;0.0;E_loss_inv_PV
0;0.0;E_loss_inv_batt
1;0.0;E_loss_inv_batt
2;0.0;E_loss_inv_batt
3;0.0;E_loss_inv_batt
4;0.0;E_loss_inv_batt
5;0.0;E_loss_inv_batt
6;0.0;E_loss_inv_batt
7;0.0;E_loss_inv_batt
8;0.0;E_loss_inv_batt
9;0.0;E_loss_inv_batt
10;0.0;E_loss_inv_batt
11;0.0;E_loss_inv_batt
12;0.0;E_loss_inv_batt
13;0.0;E_loss_inv_batt
14;0.0;E_loss_inv_batt
15;0.0;E_loss_inv_batt
16;0.0;E_loss_inv_batt
17;0.0;E_loss_inv_batt
18;0.0;E_loss_inv_batt
19;0.0;E_loss_inv_batt
20;0.0;E_loss_inv_batt
21;0.0;E_loss_inv_batt
22;0.0;E_loss_inv_batt
23;0.0;E_loss_inv_batt
24;0.0;E_loss_inv_batt
25;0.0;E_loss_inv_batt
26;0.0;E_loss_inv_batt
27;0.0;E_loss_inv_batt
28;0.0;E_loss_inv_batt
29;0.0;E_loss_inv_batt
30;0.0;E_loss_inv_batt
31;0.0;E_loss_inv_batt
32;0.0;E_loss_inv_batt
33;0.0;E_loss_inv_batt
34;0.0;E_loss_inv_batt
35;0.0;E_loss_inv_batt
36;0.0;E_loss_inv_batt
37;0.0;E_loss_inv_batt
38;0.0;E_loss_inv_batt
39;0.0;E_loss_inv_batt
40;0.0;E_loss_inv_batt
41;0.0;E_loss_inv_batt
42;0.0;E_loss_inv_batt
43;0.0;E_loss_inv_batt
44;0.0;E_loss_inv_batt
45;0.0;E_loss_inv_batt
46;0.0;E_loss_inv_batt
47;0.0;E_loss_inv_batt
48;0.0;E_loss_inv_batt
49;0.0;E_loss_inv_batt
50;0.0;E_loss_inv_batt
51;0.0;E_loss_inv_batt
52;0.0;E_loss_inv_batt
53;0.0;E_loss_inv_batt
54;0.0;E_loss_inv_batt
55;0.0;E_loss_inv_batt
56;0.0;E_loss_inv_batt
57;0.0;E_loss_inv_batt
58;0.0;E_loss_inv_batt
59;0.0031839337532281443;E_loss_inv_batt
60;0.0;E_loss_inv_batt
61;0.0;E_loss_inv_batt
62;0.004727824960091164;E_loss_inv_batt
63;0.0;E_loss_inv_batt
64;0.0;E_loss_inv_batt
65;0.028774834626016245;E_loss_inv_batt
66;0.005921092593388983;E_loss_inv_batt
67;0.0341621613065319;E_loss_inv_batt
68;0.0;E_loss_inv_batt
69;0.03500000000000004;E_loss_inv_batt
70;0.03500000000000004;E_loss_inv_batt
71;0.020710294046370075;E_loss_inv_batt
72;0.010878026315789479;E_loss_inv_batt
73;0.016750000000000008;E_loss_inv_batt
74;0.0;E_loss_inv_batt
75;0.016971973684210537;E_loss_inv_batt
76;0.023178026315789503;E_loss_inv_batt
77;0.033459605263157936;E_loss_inv_batt
78;0.018522763157894754;E_loss_inv_batt
79;0.0027154081391228685;E_loss_inv_batt
80;0.0171009210526316;E_loss_inv_batt
81;0.024905263157894753;E_loss_inv_batt
82;0.0;E_loss_inv_batt
83;0.005330657894736838;E_loss_inv_batt
84;0.00037539473684209903;E_loss_inv_batt
85;0.015322763157894752;E_loss_inv_batt
86;0.004684210526315786;E_loss_inv_batt
87;0.0;E_loss_inv_batt
88;0.0;E_loss_inv_batt
89;0.0;E_loss_inv_batt
90;0.0;E_loss_inv_batt
91;0.0;E_loss_inv_batt
92;0.0;E_loss_inv_batt
93;0.0;E_loss_inv_batt
94;0.0;E_loss_inv_batt
95;0.0;E_loss_inv_batt
0;0.0;E_loss_inv_grid
1;0.0;E_loss_inv_grid
2;0.0;E_loss_inv_grid
3;0.0;E_loss_inv_grid
4;0.0;E_loss_inv_grid
5;0.0;E_loss_inv_grid
6;0.0;E_loss_inv_grid
7;0.0;E_loss_inv_grid
8;0.0;E_loss_inv_grid
9;0.0;E_loss_inv_grid
10;0.0;E_loss_inv_grid
11;0.0;E_loss_inv_grid
12;0.0;E_loss_inv_grid
13;0.0;E_loss_inv_grid
14;0.0;E_loss_inv_grid
15;0.0;E_loss_inv_grid
16;0.0;E_loss_inv_grid
17;0.0;E_loss_inv_grid
18;0.0;E_loss_inv_grid
19;0.0;E_loss_inv_grid
20;0.0;E_loss_inv_grid
21;0.0;E_loss_inv_grid
22;0.0;E_loss_inv_grid
23;0.0;E_loss_inv_grid
24;0.0;E_loss_inv_grid
25;0.0;E_loss_inv_grid
26;0.0;E_loss_inv_grid
27;0.0;E_loss_inv_grid
28;0.0;E_loss_inv_grid
29;0.0;E_loss_inv_grid
30;0.0;E_loss_inv_grid
31;0.0;E_loss_inv_grid
32;0.0;E_loss_inv_grid
33;0.0;E_loss_inv_grid
34;0.0;E_loss_inv_grid
35;0.0;E_loss_inv_grid
36;0.0;E_loss_inv_grid
37;0.0;E_loss_inv_grid
38;0.0;E_loss_inv_grid
39;0.0;E_loss_inv_grid
40;0.0;E_loss_inv_grid
41;0.0;E_loss_inv_grid
42;0.0;E_loss_inv_grid
43;0.0;E_loss_inv_grid
44;0.0;E_loss_inv_grid
45;0.0;E_loss_inv_grid
46;0.0;E_loss_inv_grid
47;0.0;E_loss_inv_grid
48;0.0;E_loss_inv_grid
49;0.0;E_loss_inv_grid
50;0.0;E_loss_inv_grid
51;0.0;E_loss_inv_grid
52;0.0;E_loss_inv_grid
53;0.0;E_loss_inv_grid
54;0.0;E_loss_inv_grid
55;0.0;E_loss_inv_grid
56;0.0;E_loss_inv_grid
57;0.0;E_loss_inv_grid
58;0.0;E_loss_inv_grid
59;0.0;E_loss_inv_grid
60;0.0;E_loss_inv_grid
61;0.0;E_loss_inv_grid
62;0.0;E_loss_inv_grid
63;0.0;E_loss_inv_grid
64;0.0;E_loss_inv_grid
65;0.0;E_loss_inv_grid
66;0.0;E_loss_inv_grid
67;0.0;E_loss_inv_grid
68;0.0;E_loss_inv_grid
69;0.0;E_loss_inv_grid
70;0.0;E_loss_inv_grid
71;0.0;E_loss_inv_grid
72;0.0;E_loss_inv_grid
73;0.0;E_loss_inv_grid
74;0.0;E_loss_inv_grid
75;0.0;E_loss_inv_grid
76;0.0;E_loss_inv_grid
77;0.0;E_loss_inv_grid
78;0.0;E_loss_inv_grid
79;0.0;E_loss_inv_grid
80;0.0;E_loss_inv_grid
81;0.0;E_loss_inv_grid
82;0.0;E_loss_inv_grid
83;0.0;E_loss_inv_grid
84;0.0;E_loss_inv_grid
85;0.0;E_loss_inv_grid
86;0.0;E_loss_inv_grid
87;0.0;E_loss_inv_grid
88;0.0;E_loss_inv_grid
89;0.0;E_loss_inv_grid
90;0.0;E_loss_inv_grid
91;0.0;E_loss_inv_grid
92;0.0;E_loss_inv_grid
93;0.0;E_loss_inv_grid
94;0.0;E_loss_inv_grid
95;0.0;E_loss_inv_grid
